{"cameraMode":{"drawMode":0,"name":"Shaded","section":"Shading Mode"},"sceneLighting":false,"audioPlay":false,"sceneViewState":{"m_AlwaysRefresh":false,"showFog":true,"showSkybox":true,"showFlares":true,"showImageEffects":true,"showParticleSystems":true,"showVisualEffectGraphs":true,"m_FxEnabled":true},"in2DMode":false,"pivot":{"x":322.95477294921877,"y":-11.952102661132813,"z":30.247756958007814},"rotation":{"x":-0.019737951457500459,"y":-0.6907669305801392,"z":0.018869170919060708,"w":-0.7225649356842041},"size":212.17945861816407,"orthographic":false}